Egocentric Crowd,,,,,,,,
Type,Category,Subcategory,Annotation ID,S3 Folder (contains mp4 & annotation),S3 URI - Video,S3 URI - JSON,Metadata & Labeling via Reka Vision, Chunking via Reka Vision 
Short Form,Object Manipulation,Twist,00356662-740a-4f4c-b543-b72a556cf807,https://us-east-1.console.aws.amazon.com/s3/buckets/moonvalley-annotation-platform?region=us-east-1&prefix=video_capture/completed/00356662-740a-4f4c-b543-b72a556cf807/&showversions=false,s3://moonvalley-annotation-platform/video_capture/completed/00356662-740a-4f4c-b543-b72a556cf807/7957bf96-8767-4dc8-ac0f-ab3f71e98f3b.mov,s3://moonvalley-annotation-platform/video_capture/completed/00356662-740a-4f4c-b543-b72a556cf807/annotation-data.json,,NA
Short Form,Object Manipulation,Draw/sketch,00396133-8f60-45f0-8297-b87131522fde,https://us-east-1.console.aws.amazon.com/s3/buckets/moonvalley-annotation-platform?region=us-east-1&prefix=video_capture/completed/00396133-8f60-45f0-8297-b87131522fde/&showversions=false,s3://moonvalley-annotation-platform/video_capture/completed/00396133-8f60-45f0-8297-b87131522fde/096712d0-c6f3-4068-8818-d0bd0c9ae4ad.mov,s3://moonvalley-annotation-platform/video_capture/completed/00396133-8f60-45f0-8297-b87131522fde/annotation-data.json,,NA
Short Form,Object Manipulation,Tie,01fd633f-b9ec-4811-a171-22f1187bc928,https://us-east-1.console.aws.amazon.com/s3/buckets/moonvalley-annotation-platform?region=us-east-1&prefix=video_capture/completed/01fd633f-b9ec-4811-a171-22f1187bc928/&showversions=false,s3://moonvalley-annotation-platform/video_capture/completed/01fd633f-b9ec-4811-a171-22f1187bc928/9a252e93-1754-44f9-9988-6ce5e6b1d2b1.mov,s3://moonvalley-annotation-platform/video_capture/completed/01fd633f-b9ec-4811-a171-22f1187bc928/annotation-data.json,,NA
Short Form,Object Manipulation,Iron Clothes,0206cc94-dd88-4bec-ba8d-ac41c092e497,https://us-east-1.console.aws.amazon.com/s3/buckets/moonvalley-annotation-platform?region=us-east-1&prefix=video_capture/completed/0206cc94-dd88-4bec-ba8d-ac41c092e497/&showversions=false,s3://moonvalley-annotation-platform/video_capture/completed/0206cc94-dd88-4bec-ba8d-ac41c092e497/c0845408-45eb-48b5-80cf-49ef73b972fe.mov,s3://moonvalley-annotation-platform/video_capture/completed/0206cc94-dd88-4bec-ba8d-ac41c092e497/annotation-data.json,,NA
Short Form,Object Manipulation,Pick Up Object,8aba52b1-583f-49fd-8b5c-e5c15084afcf,https://us-east-1.console.aws.amazon.com/s3/buckets/moonvalley-annotation-platform?region=us-east-1&prefix=video_capture/completed/8aba52b1-583f-49fd-8b5c-e5c15084afcf/&showversions=false,s3://moonvalley-annotation-platform/video_capture/completed/8aba52b1-583f-49fd-8b5c-e5c15084afcf/8b04c267-1dfd-41aa-8f55-4c204c70dc17.MP4,s3://moonvalley-annotation-platform/video_capture/completed/8aba52b1-583f-49fd-8b5c-e5c15084afcf/annotation-data.json,,NA
Short Form,Object Manipulation,Fold Clothes,0253c253-7078-497c-b45c-2f5d40b8fc22,https://us-east-1.console.aws.amazon.com/s3/buckets/moonvalley-annotation-platform?region=us-east-1&prefix=video_capture/completed/0253c253-7078-497c-b45c-2f5d40b8fc22/&showversions=false,s3://moonvalley-annotation-platform/video_capture/completed/0253c253-7078-497c-b45c-2f5d40b8fc22/06b96053-e03e-4541-8501-cf9dd2932981.MP4,s3://moonvalley-annotation-platform/video_capture/completed/0253c253-7078-497c-b45c-2f5d40b8fc22/annotation-data.json,"{ ""domain"": ""household_living"", ""task"": ""fold_clothing"", ""task_description"": ""A person is folding a blue t-shirt on a wooden floor using both hands to manipulate the fabric into a neat fold."", ""technical_specs"": { ""duration_s"": 9, ""resolution_px"": { ""width"": 1920, ""height"": 1080 }, ""fps_estimate"": 30, ""aspect_ratio"": ""16:9"" }, ""environment_label"": ""indoor_home"", ""environment_description"": ""An indoor setting featuring a polished wooden floor used as a flat folding surface."", ""hands"": { ""hands_visible"": true, ""right_hand_pct"": 0, ""left_hand_pct"": 0, ""both_hands_pct"": 100, ""no_hand_pct"": 0, ""primary_hand"": ""both"", ""active_manipulation"": true, ""confidence"": 0.95 } }",NA
Short Form,Object Manipulation,Pick Up & Unfold Clothes,0195ddd3-1e17-4331-841d-f52c46ce46e4,https://us-east-1.console.aws.amazon.com/s3/buckets/moonvalley-annotation-platform?region=us-east-1&prefix=video_capture/completed/0195ddd3-1e17-4331-841d-f52c46ce46e4/&showversions=false,s3://moonvalley-annotation-platform/video_capture/completed/0195ddd3-1e17-4331-841d-f52c46ce46e4/6ca5347f-7d2b-4408-914d-5b9fa1a4d7bf.mp4,s3://moonvalley-annotation-platform/video_capture/completed/0195ddd3-1e17-4331-841d-f52c46ce46e4/annotation-data.json,"{ ""domain"": ""household_living"", ""task"": ""organizing_storage"", ""task_description"": ""A person is seen folding and arranging black pants, wrapping them around a vacuum cleaner cord to secure them for storage or packing."", ""technical_specs"": { ""duration_s"": 10, ""resolution_px"": { ""width"": 1920, ""height"": 1080 }, ""fps_estimate"": 30, ""aspect_ratio"": ""16:9"" }, ""environment_label"": ""indoor_home"", ""environment_description"": ""A domestic room featuring a laundry basket, a vacuum cleaner, a black bag, and wall-mounted power sockets."", ""hands"": { ""hands_visible"": true, ""right_hand_pct"": 0, ""left_hand_pct"": 0, ""both_hands_pct"": 100, ""no_hand_pct"": 0, ""primary_hand"": ""both"", ""active_manipulation"": true, ""confidence"": 0.95 } }",NA
Short Form,Object Manipulation,Pour Liquid,00d77c7b-8a2e-491d-be14-d1b073d9f6e3,https://us-east-1.console.aws.amazon.com/s3/buckets/moonvalley-annotation-platform?region=us-east-1&prefix=video_capture/completed/00d77c7b-8a2e-491d-be14-d1b073d9f6e3/&showversions=false,s3://moonvalley-annotation-platform/video_capture/completed/00d77c7b-8a2e-491d-be14-d1b073d9f6e3/4b0b5186-d86a-4f7a-a14a-230561c94bda.MP4,s3://moonvalley-annotation-platform/video_capture/completed/00d77c7b-8a2e-491d-be14-d1b073d9f6e3/annotation-data.json,"{ ""domain"": ""household_living"", ""task"": ""elevated_liquid_pouring"", ""task_description"": ""A person sitting at a kitchen table repeatedly attempts to pour wine from a bottle into a cup from a significant height, testing their stability and the liquid's trajectory."", ""technical_specs"": { ""duration_s"": 9, ""resolution_px"": { ""width"": 1920, ""height"": 1080 }, ""fps_estimate"": 30, ""aspect_ratio"": ""16:9"" }, ""environment_label"": ""indoor_home"", ""environment_description"": ""A domestic kitchen and dining area with a wooden table, food packaging, and common household items."", ""hands"": { ""hands_visible"": true, ""right_hand_pct"": 100, ""left_hand_pct"": 0, ""both_hands_pct"": 0, ""no_hand_pct"": 0, ""primary_hand"": ""right"", ""active_manipulation"": true, ""confidence"": 0.95 } }",NA
Short Form,Object Manipulation,Fasten & Unfasten,0239990b-036a-407c-85fd-d7a2a0f517d9,https://us-east-1.console.aws.amazon.com/s3/buckets/moonvalley-annotation-platform?region=us-east-1&prefix=video_capture/completed/0239990b-036a-407c-85fd-d7a2a0f517d9/&showversions=false,s3://moonvalley-annotation-platform/video_capture/completed/0239990b-036a-407c-85fd-d7a2a0f517d9/1b18847d-cca4-4772-85ab-c5791b364bd7.MP4,s3://moonvalley-annotation-platform/video_capture/completed/0239990b-036a-407c-85fd-d7a2a0f517d9/annotation-data.json,"{ ""domain"": ""household_living"", ""task"": ""adjust_backpack_straps"", ""task_description"": ""A person demonstrates the manual operation of plastic buckle clips and nylon straps on a black backpack, including sliding and securing the components."", ""technical_specs"": { ""duration_s"": 11, ""resolution_px"": { ""width"": 1920, ""height"": 1080 }, ""fps_estimate"": 30, ""aspect_ratio"": ""16:9"" }, ""environment_label"": ""indoor_home"", ""environment_description"": ""A well-lit indoor setting with the backpack placed on a flat surface for demonstration."", ""hands"": { ""hands_visible"": true, ""right_hand_pct"": 0, ""left_hand_pct"": 0, ""both_hands_pct"": 100, ""no_hand_pct"": 0, ""primary_hand"": ""both"", ""active_manipulation"": true, ""confidence"": 0.95 } }",NA
Short Form,Object Manipulation,Buckle Seatbelt,014439bc-6fd4-46d3-861a-816da3e8f424,https://us-east-1.console.aws.amazon.com/s3/buckets/moonvalley-annotation-platform?region=us-east-1&prefix=video_capture/completed/014439bc-6fd4-46d3-861a-816da3e8f424/&showversions=false,s3://moonvalley-annotation-platform/video_capture/completed/014439bc-6fd4-46d3-861a-816da3e8f424/27c5b365-546d-47b8-91a5-18e85a15427d.MP4,s3://moonvalley-annotation-platform/video_capture/completed/014439bc-6fd4-46d3-861a-816da3e8f424/annotation-data.json,"{ ""domain"": ""driving_mobility_navigation"", ""task"": ""fasten_seat_belt"", ""task_description"": ""A person inside a vehicle adjusts and secures their seat belt across their torso before settling into the seat."", ""technical_specs"": { ""duration_s"": 13, ""resolution_px"": { ""width"": 1920, ""height"": 1080 }, ""fps_estimate"": 30, ""aspect_ratio"": ""16:9"" }, ""environment_label"": ""indoor_transport"", ""environment_description"": ""The interior cabin of a passenger vehicle, specifically focusing on the seating and safety restraint system."", ""hands"": { ""hands_visible"": true, ""right_hand_pct"": 0, ""left_hand_pct"": 0, ""both_hands_pct"": 100, ""no_hand_pct"": 0, ""primary_hand"": ""both"", ""active_manipulation"": true, ""confidence"": 0.95 } }",NA
Short Form,Object Manipulation,Pick Up Object,009b448b-f59c-44a8-adbb-e79d0b206cfd,https://us-east-1.console.aws.amazon.com/s3/buckets/moonvalley-annotation-platform?region=us-east-1&prefix=Video+Capture%3A+First+Person+Videos+%28Phone%29%2Fcompleted%2F009b448b-f59c-44a8-adbb-e79d0b206cfd%2F&showversions=false&tab=objects,s3://moonvalley-annotation-platform/Video Capture: First Person Videos (Phone)/completed/009b448b-f59c-44a8-adbb-e79d0b206cfd/9a7e69ee-0246-4184-a561-36e962958ab6.mov,s3://moonvalley-annotation-platform/Video Capture: First Person Videos (Phone)/completed/009b448b-f59c-44a8-adbb-e79d0b206cfd/annotation-data.json,,NA
Short Form,Body Movement ,Move Forward - Outdoor,00ea41fc-6b43-4452-9d11-72bd55d2977b,https://us-east-1.console.aws.amazon.com/s3/buckets/moonvalley-annotation-platform?region=us-east-1&prefix=video_capture%2Fcompleted%2F00ea41fc-6b43-4452-9d11-72bd55d2977b%2F&showversions=false&tab=objects,s3://moonvalley-annotation-platform/video_capture/completed/00ea41fc-6b43-4452-9d11-72bd55d2977b/9f784ec0-591c-4ec9-9f03-ad13f2f3a24f.MP4,s3://moonvalley-annotation-platform/video_capture/completed/00ea41fc-6b43-4452-9d11-72bd55d2977b/annotation-data.json,,NA
Short Form,Body Movement ,Move to the Right - Outdoor,00f634a4-190d-403d-8c62-fcac665c1b8b,https://us-east-1.console.aws.amazon.com/s3/buckets/moonvalley-annotation-platform?region=us-east-1&prefix=Video+Capture%3A+First+Person+Videos+%28Phone%29/completed/00f634a4-190d-403d-8c62-fcac665c1b8b/&showversions=false,s3://moonvalley-annotation-platform/Video Capture: First Person Videos (Phone)/completed/00f634a4-190d-403d-8c62-fcac665c1b8b/58f5dad8-7fd2-46ef-8d8d-7b2f7aec012c.MOV,s3://moonvalley-annotation-platform/Video Capture: First Person Videos (Phone)/completed/00f634a4-190d-403d-8c62-fcac665c1b8b/annotation-data.json,,NA
Short Form,Body Movement ,Move Forward - Outdoor,001d9667-a7ef-4fac-a493-fcfd29fd36a7,https://us-east-1.console.aws.amazon.com/s3/buckets/moonvalley-annotation-platform?region=us-east-1&prefix=Video+Capture%3A+First+Person+Videos+%28Phone%29%2Fcompleted%2F001d9667-a7ef-4fac-a493-fcfd29fd36a7%2F&showversions=false&tab=objects,s3://moonvalley-annotation-platform/Video Capture: First Person Videos (Phone)/completed/001d9667-a7ef-4fac-a493-fcfd29fd36a7/93430c51-982d-482a-adad-5628b8a0e3c0.MOV,s3://moonvalley-annotation-platform/Video Capture: First Person Videos (Phone)/completed/001d9667-a7ef-4fac-a493-fcfd29fd36a7/annotation-data.json,,NA
Short Form,Object Manipulation,Open Door,013d6920-56ff-4915-bc87-02b6ee53580c,https://us-east-1.console.aws.amazon.com/s3/buckets/moonvalley-annotation-platform?region=us-east-1&prefix=video_capture%2Fcompleted%2F013d6920-56ff-4915-bc87-02b6ee53580c%2F&showversions=false&tab=objects,s3://moonvalley-annotation-platform/video_capture/completed/013d6920-56ff-4915-bc87-02b6ee53580c/9698ed4a-cfd2-4f8c-89fb-5672a4487ff3.MP4,s3://moonvalley-annotation-platform/video_capture/completed/013d6920-56ff-4915-bc87-02b6ee53580c/annotation-data.json,,NA
Short Form,Object Manipulation,Eating & Using Utensils,008729a5-b84f-4a19-9866-7e22f3315a96,https://us-east-1.console.aws.amazon.com/s3/buckets/moonvalley-annotation-platform?region=us-east-1&prefix=video_capture%2Fcompleted%2F008729a5-b84f-4a19-9866-7e22f3315a96%2F&showversions=false&tab=objects,s3://moonvalley-annotation-platform/video_capture/completed/008729a5-b84f-4a19-9866-7e22f3315a96/a5b8a6f5-ecb1-4562-8a8c-4e19f198a39b.MP4,s3://moonvalley-annotation-platform/video_capture/completed/008729a5-b84f-4a19-9866-7e22f3315a96/annotation-data.json,,NA
Short Form,Transportation,Twist Throttle,000d0514-0ab4-44f5-8029-a99bfed30a7c,https://us-east-1.console.aws.amazon.com/s3/buckets/moonvalley-annotation-platform?region=us-east-1&prefix=video_capture%2Fcompleted%2F000d0514-0ab4-44f5-8029-a99bfed30a7c%2F&showversions=false&tab=objects,s3://moonvalley-annotation-platform/video_capture/completed/000d0514-0ab4-44f5-8029-a99bfed30a7c/72045fc1-4b7f-4432-8b5c-58e841dd739a.MP4,s3://moonvalley-annotation-platform/video_capture/completed/000d0514-0ab4-44f5-8029-a99bfed30a7c/annotation-data.json,,NA
Short Form,Body Movement ,Turn Right - Outdoor,00e17ef1-1ff0-41ac-89e9-c15583591249,https://us-east-1.console.aws.amazon.com/s3/buckets/moonvalley-annotation-platform?region=us-east-1&prefix=video_capture/completed/00e17ef1-1ff0-41ac-89e9-c15583591249/&showversions=false,s3://moonvalley-annotation-platform/video_capture/completed/00e17ef1-1ff0-41ac-89e9-c15583591249/03a71858-4233-48e8-8eff-f9d1d0693363.MP4,s3://moonvalley-annotation-platform/video_capture/completed/00e17ef1-1ff0-41ac-89e9-c15583591249/annotation-data.json,,NA
Short Form,Object Manipulation,Tie/Untie Shoelace,00a8f160-18b0-4d68-9301-f16b83829679,https://us-east-1.console.aws.amazon.com/s3/buckets/moonvalley-annotation-platform?region=us-east-1&prefix=video_capture%2Fcompleted%2F00a8f160-18b0-4d68-9301-f16b83829679%2F&showversions=false&tab=objects,s3://moonvalley-annotation-platform/video_capture/completed/00a8f160-18b0-4d68-9301-f16b83829679/2bbdb133-3160-4334-a3bb-392958f0ed79.mp4,s3://moonvalley-annotation-platform/video_capture/completed/00a8f160-18b0-4d68-9301-f16b83829679/annotation-data.json,,NA
Short Form,Object Manipulation,Screw/Unscrew Tool,00c6dd8a-5728-4ca2-a033-8fcfcbbf5e55,https://us-east-1.console.aws.amazon.com/s3/buckets/moonvalley-annotation-platform?region=us-east-1&prefix=video_capture/completed/00c6dd8a-5728-4ca2-a033-8fcfcbbf5e55/&showversions=false,s3://moonvalley-annotation-platform/video_capture/completed/00c6dd8a-5728-4ca2-a033-8fcfcbbf5e55/d6cef0ef-e784-4c23-afcf-4cc86d986f8d.MP4,s3://moonvalley-annotation-platform/video_capture/completed/00c6dd8a-5728-4ca2-a033-8fcfcbbf5e55/annotation-data.json,,NA
Short Form,Object Manipulation,Draw/Sketch,00396133-8f60-45f0-8297-b87131522fde,https://us-east-1.console.aws.amazon.com/s3/buckets/moonvalley-annotation-platform?region=us-east-1&prefix=video_capture%2Fcompleted%2F00396133-8f60-45f0-8297-b87131522fde%2F&showversions=false&tab=objects,s3://moonvalley-annotation-platform/video_capture/completed/00396133-8f60-45f0-8297-b87131522fde/096712d0-c6f3-4068-8818-d0bd0c9ae4ad.mov,s3://moonvalley-annotation-platform/video_capture/completed/00396133-8f60-45f0-8297-b87131522fde/annotation-data.json,,
Long Form,Body Movement ,Walking,0021cf8a-e43f-4acb-845e-6e80d237b676,https://us-east-1.console.aws.amazon.com/s3/buckets/moonvalley-annotation-platform?region=us-east-1&prefix=video-capture-activities%2Fcompleted%2F0021cf8a-e43f-4acb-845e-6e80d237b676%2F&showversions=false&tab=objects,s3://moonvalley-annotation-platform/video-capture-activities/completed/0021cf8a-e43f-4acb-845e-6e80d237b676/11f92ca6-a559-4bb6-afd9-671b5014eb26.MP4,s3://moonvalley-annotation-platform/video-capture-activities/completed/0021cf8a-e43f-4acb-845e-6e80d237b676/annotation-data.json,,
Long Form,Cleaning,Washing Dishes,00864f6b-efb4-4f03-b2ff-0251db0dd087,https://us-east-1.console.aws.amazon.com/s3/buckets/moonvalley-annotation-platform?region=us-east-1&prefix=video-capture-activities%2Fcompleted%2F00864f6b-efb4-4f03-b2ff-0251db0dd087%2F&showversions=false&tab=objects,s3://moonvalley-annotation-platform/video-capture-activities/completed/00864f6b-efb4-4f03-b2ff-0251db0dd087/625e8746-2d38-49aa-bb67-0dbe217ccbdb.MOV,s3://moonvalley-annotation-platform/video-capture-activities/completed/00864f6b-efb4-4f03-b2ff-0251db0dd087/annotation-data.json,,
Long Form,Cooking,Stirring Food & Cleaning Counter,02d48efd-1fde-45f0-bd9c-c9b7a4e366fb,https://us-east-1.console.aws.amazon.com/s3/buckets/moonvalley-annotation-platform?region=us-east-1&prefix=video-capture-activities/completed/02d48efd-1fde-45f0-bd9c-c9b7a4e366fb/&showversions=false,s3://moonvalley-annotation-platform/video-capture-activities/completed/02d48efd-1fde-45f0-bd9c-c9b7a4e366fb/6bb0bf19-5b8d-4a8d-ba68-c8695fb02930.MP4,s3://moonvalley-annotation-platform/video-capture-activities/completed/02d48efd-1fde-45f0-bd9c-c9b7a4e366fb/annotation-data.json,"{ ""domain"": ""kitchen_food_prep"", ""task"": ""cooking_pork_stew"", ""task_description"": ""The video documents a multi-step home cooking process involving boiling meat in a pressure cooker, preparing vegetables, and maintaining hygiene through hand washing."", ""technical_specs"": { ""duration_s"": 186, ""resolution_px"": { ""width"": 1920, ""height"": 1080 }, ""fps_estimate"": 30, ""aspect_ratio"": ""16:9"" }, ""environment_label"": ""indoor_home"", ""environment_description"": ""A domestic kitchen featuring a gas stove, stainless steel sink, various cooking utensils, and food ingredients on the counter."", ""hands"": { ""hands_visible"": true, ""right_hand_pct"": 40, ""left_hand_pct"": 10, ""both_hands_pct"": 30, ""no_hand_pct"": 20, ""primary_hand"": ""both"", ""active_manipulation"": true, ""confidence"": 0.95 },","""chunking"": [ { ""start_s"": 0, ""end_s"": 35, ""label"": ""checking_meat_tenderness"", ""objects"": [ ""pot"", ""ladle"", ""meat"", ""broth"", ""fork"" ], ""actions"": [ ""stir_liquid"", ""check_texture"", ""lift_object"" ], ""confidence"": 0.9 }, { ""start_s"": 35, ""end_s"": 54, ""label"": ""managing_pressure_cooker"", ""objects"": [ ""pressure_cooker"", ""stove"", ""lid"" ], ""actions"": [ ""tilt_pot"", ""close_lid"", ""reposition_object"" ], ""confidence"": 0.85 }, { ""start_s"": 54, ""end_s"": 93, ""label"": ""igniting_stove"", ""objects"": [ ""gas_stove"", ""lighter"", ""pot"", ""knorr_seasoning_bag"" ], ""actions"": [ ""ignite_flame"", ""place_object"", ""boil_liquid"" ], ""confidence"": 0.95 }, { ""start_s"": 93, ""end_s"": 125, ""label"": ""cleaning_and_sorting"", ""objects"": [ ""sink"", ""strainer"", ""bottle"", ""black_cloth"" ], ""actions"": [ ""dump_contents"", ""wash_object"", ""wipe_surface"" ], ""confidence"": 0.8 }, { ""start_s"": 125, ""end_s"": 155, ""label"": ""food_prep_and_washing"", ""objects"": [ ""green_beans"", ""pot"", ""colander"", ""sink"" ], ""actions"": [ ""add_ingredient"", ""rinse_vegetables"", ""stir_food"" ], ""confidence"": 0.9 }, { ""start_s"": 155, ""end_s"": 186, ""label"": ""hand_hygiene_and_final_prep"", ""objects"": [ ""hands"", ""faucet"", ""soap"", ""towel"", ""luffa"" ], ""actions"": [ ""wash_hands"", ""scrub_skin"", ""dry_hands"", ""tear_fabric"" ], ""confidence"": 0.95 } ] }"
Long Form,Cleaning,Washing Dishes,0190b652-073a-48f6-ae1a-2652a48a3dd8,https://us-east-1.console.aws.amazon.com/s3/buckets/moonvalley-annotation-platform?region=us-east-1&prefix=video-capture-activities/completed/0190b652-073a-48f6-ae1a-2652a48a3dd8/&showversions=false,s3://moonvalley-annotation-platform/video-capture-activities/completed/0190b652-073a-48f6-ae1a-2652a48a3dd8/f9d64cef-0d9a-4fe3-af6b-79b35ecc70fb.MP4,s3://moonvalley-annotation-platform/video-capture-activities/completed/0190b652-073a-48f6-ae1a-2652a48a3dd8/annotation-data.json,,
Long Form,Cooking,Peeling & Chopping Food,03eb3dbd-42ef-4471-8961-01b38f3b2bdc,https://us-east-1.console.aws.amazon.com/s3/buckets/moonvalley-annotation-platform?region=us-east-1&prefix=video-capture-activities/completed/03eb3dbd-42ef-4471-8961-01b38f3b2bdc/&showversions=false,s3://moonvalley-annotation-platform/video-capture-activities/completed/03eb3dbd-42ef-4471-8961-01b38f3b2bdc/57c659bb-b368-42bc-884e-9d809893de20.MOV,s3://moonvalley-annotation-platform/video-capture-activities/completed/03eb3dbd-42ef-4471-8961-01b38f3b2bdc/annotation-data.json,,
Long Form,Laundry,Folding Clothes,04b9f450-0681-4fe2-ac48-cb4eb3dedd3d,https://us-east-1.console.aws.amazon.com/s3/buckets/moonvalley-annotation-platform?region=us-east-1&prefix=video-capture-activities/completed/04b9f450-0681-4fe2-ac48-cb4eb3dedd3d/&showversions=false,s3://moonvalley-annotation-platform/video-capture-activities/completed/04b9f450-0681-4fe2-ac48-cb4eb3dedd3d/f0ea6ed5-2b2b-4ab7-8c49-85924e2820fd.MP4,s3://moonvalley-annotation-platform/video-capture-activities/completed/04b9f450-0681-4fe2-ac48-cb4eb3dedd3d/annotation-data.json,"{ ""domain"": ""household_living"", ""task"": ""folding_laundry"", ""task_description"": ""A person systematically sorts and folds various items of clothing including t-shirts, pants, and linens on a flat surface to organize them for storage."", ""technical_specs"": { ""duration_s"": 452, ""resolution_px"": { ""width"": 1920, ""height"": 1080 }, ""fps_estimate"": 30, ""aspect_ratio"": ""16:9"" }, ""environment_label"": ""indoor_home"", ""environment_description"": ""A dimly lit bedroom or laundry area featuring a bed with a green sheet and a flat table surface used for folding."", ""hands"": { ""hands_visible"": true, ""right_hand_pct"": 10, ""left_hand_pct"": 5, ""both_hands_pct"": 80, ""no_hand_pct"": 5, ""primary_hand"": ""both"", ""active_manipulation"": true, ""confidence"": 0.95","""chunking"": [ { ""start_s"": 0, ""end_s"": 15, ""label"": ""searching_clothes"", ""objects"": [ ""clothes"", ""bedsheet"", ""skirt"" ], ""actions"": [ ""search_item"", ""move_fabric"" ], ""confidence"": 0.85 }, { ""start_s"": 15, ""end_s"": 45, ""label"": ""folding_white_garments"", ""objects"": [ ""white_shirt"", ""trousers"", ""table"" ], ""actions"": [ ""organize_item"", ""fold_fabric"", ""stack_clothing"" ], ""confidence"": 0.9 }, { ""start_s"": 45, ""end_s"": 60, ""label"": ""precision_folding_jacket"", ""objects"": [ ""black_jacket"", ""orange_stripes"" ], ""actions"": [ ""spread_fabric"", ""fold_edges"", ""mechanical_fold"" ], ""confidence"": 0.95 }, { ""start_s"": 60, ""end_s"": 105, ""label"": ""sorting_dark_laundry"", ""objects"": [ ""black_tshirt"", ""black_pants"", ""green_bed"" ], ""actions"": [ ""sort_item"", ""smooth_fabric"", ""reshape_garment"" ], ""confidence"": 0.9 }, { ""start_s"": 105, ""end_s"": 150, ""label"": ""branding_and_trousers"", ""objects"": [ ""logo_tshirt"", ""blue_pants"", ""gloves"" ], ""actions"": [ ""press_flat"", ""align_creases"", ""handle_item"" ], ""confidence"": 0.88 }, { ""start_s"": 150, ""end_s"": 210, ""label"": ""linen_and_singlet_folding"", ""objects"": [ ""white_sheet"", ""white_singlet"", ""suitcase"" ], ""actions"": [ ""measure_garment"", ""fold_repeatedly"", ""stack_laundry"" ], ""confidence"": 0.85 }, { ""start_s"": 210, ""end_s"": 271, ""label"": ""batch_shirt_folding"", ""objects"": [ ""white_tshirt"", ""floral_shirt"", ""table"" ], ""actions"": [ ""position_sleeves"", ""smooth_wrinkles"", ""stack_folded_items"" ], ""confidence"": 0.95 }, { ""start_s"": 271, ""end_s"": 331, ""label"": ""methodical_organization"", ""objects"": [ ""long_sleeve_shirt"", ""fatboy_logo_shirt"", ""green_surface"" ], ""actions"": [ ""fold_thirds"", ""tidy_space"", ""prepare_storage"" ], ""confidence"": 0.92 }, { ""start_s"": 331, ""end_s"": 406, ""label"": ""patterned_clothing_processing"", ""objects"": [ ""patterned_garment"", ""socks"", ""white_jersey"" ], ""actions"": [ ""turn_inside_out"", ""straighten_creases"", ""align_collar"" ], ""confidence"": 0.9 }, { ""start_s"": 406, ""end_s"": 452, ""label"": ""final_packing_and_storage"", ""objects"": [ ""striped_fabric"", ""storage_box"", ""shelves"" ], ""actions"": [ ""reduce_size"", ""fit_into_container"", ""finalize_folding"" ], ""confidence"": 0.87 } ] }"
Long Form,Cleaning,Moping Floor,0661155b-c781-48b9-921b-ffe72a7d547e,https://us-east-1.console.aws.amazon.com/s3/buckets/moonvalley-annotation-platform?region=us-east-1&prefix=video-capture-activities/completed/0661155b-c781-48b9-921b-ffe72a7d547e/&showversions=false,s3://moonvalley-annotation-platform/video-capture-activities/completed/0661155b-c781-48b9-921b-ffe72a7d547e/6cbd1cfb-aea5-4751-8691-f8bede621b41.MP4,s3://moonvalley-annotation-platform/video-capture-activities/completed/0661155b-c781-48b9-921b-ffe72a7d547e/annotation-data.json,,
Long Form,Cooking,Peeling Food,06c1fbc6-a26f-482f-b14f-20025d95bb26,https://us-east-1.console.aws.amazon.com/s3/buckets/moonvalley-annotation-platform?region=us-east-1&prefix=video-capture-activities/completed/06c1fbc6-a26f-482f-b14f-20025d95bb26/&showversions=false,s3://moonvalley-annotation-platform/video-capture-activities/completed/06c1fbc6-a26f-482f-b14f-20025d95bb26/5a744c53-b713-4330-b419-fc55001896e0.MP4,s3://moonvalley-annotation-platform/video-capture-activities/completed/06c1fbc6-a26f-482f-b14f-20025d95bb26/annotation-data.json,,
Long Form,Cooking,"Setting up table, moving dishes",07f3517d-72c0-4614-9f98-306c5ffc13c2,https://us-east-1.console.aws.amazon.com/s3/buckets/moonvalley-annotation-platform?region=us-east-1&prefix=video-capture-activities/completed/07f3517d-72c0-4614-9f98-306c5ffc13c2/&showversions=false,s3://moonvalley-annotation-platform/video-capture-activities/completed/07f3517d-72c0-4614-9f98-306c5ffc13c2/e374824a-c160-41f8-9b18-bee27a1cdee5.MP4,s3://moonvalley-annotation-platform/video-capture-activities/completed/07f3517d-72c0-4614-9f98-306c5ffc13c2/annotation-data.json,,
Long Form,Laundry,"Loading clothes, folding clothes",084217a1-940a-4245-b674-da1482ce410d,https://us-east-1.console.aws.amazon.com/s3/buckets/moonvalley-annotation-platform?region=us-east-1&prefix=video-capture-activities/completed/084217a1-940a-4245-b674-da1482ce410d/&showversions=false,s3://moonvalley-annotation-platform/video-capture-activities/completed/084217a1-940a-4245-b674-da1482ce410d/375c198a-6127-421a-a1c0-ff5f5b413e82.MOV,s3://moonvalley-annotation-platform/video-capture-activities/completed/084217a1-940a-4245-b674-da1482ce410d/annotation-data.json,,
Long Form,Laundry,Folding Clothes,08600b4f-3266-4cc8-bd68-eea4d62e830d,https://us-east-1.console.aws.amazon.com/s3/buckets/moonvalley-annotation-platform?region=us-east-1&prefix=video-capture-activities/completed/08600b4f-3266-4cc8-bd68-eea4d62e830d/&showversions=falsee,s3://moonvalley-annotation-platform/video-capture-activities/completed/08600b4f-3266-4cc8-bd68-eea4d62e830d/a233d8d8-1b04-4d53-9907-0219574a1800.MP4,s3://moonvalley-annotation-platform/video-capture-activities/completed/08600b4f-3266-4cc8-bd68-eea4d62e830d/annotation-data.json,,
Long Form,Cleaning,"Moping Floor, Wiping Surface, Rearranging Furniture",08f78055-03f0-4e73-baae-975a92a47d6c,https://us-east-1.console.aws.amazon.com/s3/buckets/moonvalley-annotation-platform?region=us-east-1&prefix=video-capture-activities/completed/08f78055-03f0-4e73-baae-975a92a47d6c/&showversions=false,s3://moonvalley-annotation-platform/video-capture-activities/completed/08f78055-03f0-4e73-baae-975a92a47d6c/4eda40d1-f9f9-4ea2-b339-d4f7d945c95c.MOV,s3://moonvalley-annotation-platform/video-capture-activities/completed/08f78055-03f0-4e73-baae-975a92a47d6c/annotation-data.json,,
Long Form,Laundry,Loading Clothes,1459f977-61a2-4eaa-9569-4a47e6e65ed0,https://us-east-1.console.aws.amazon.com/s3/buckets/moonvalley-annotation-platform?region=us-east-1&prefix=video-capture-activities/completed/1459f977-61a2-4eaa-9569-4a47e6e65ed0/&showversions=false,s3://moonvalley-annotation-platform/video-capture-activities/completed/1459f977-61a2-4eaa-9569-4a47e6e65ed0/bea83b40-62e1-480c-a0cc-f5733ba9a000.MOV,s3://moonvalley-annotation-platform/video-capture-activities/completed/1459f977-61a2-4eaa-9569-4a47e6e65ed0/annotation-data.json,,
Long Form,Laundry,Hang Clothes,14d74f93-8bab-4f9d-b824-5aceb1344d43,https://us-east-1.console.aws.amazon.com/s3/buckets/moonvalley-annotation-platform?region=us-east-1&prefix=video-capture-activities/completed/14d74f93-8bab-4f9d-b824-5aceb1344d43/&showversions=falsee,s3://moonvalley-annotation-platform/video-capture-activities/completed/14d74f93-8bab-4f9d-b824-5aceb1344d43/8ac2a9c5-89a7-4a4e-a3f6-e5044ab7ff42.MP4,s3://moonvalley-annotation-platform/video-capture-activities/completed/14d74f93-8bab-4f9d-b824-5aceb1344d43/annotation-data.json,,
Long Form,Body Movement ,Walking,056c9e25-8490-4a98-88cc-5b526a8adc87,https://us-east-1.console.aws.amazon.com/s3/buckets/moonvalley-annotation-platform?region=us-east-1&prefix=video-capture-activities%2Fcompleted%2F056c9e25-8490-4a98-88cc-5b526a8adc87%2F&showversions=false&tab=objects,s3://moonvalley-annotation-platform/video-capture-activities/completed/056c9e25-8490-4a98-88cc-5b526a8adc87/93930d51-4aac-4ce2-bbfe-54ef2b955582.MOV,s3://moonvalley-annotation-platform/video-capture-activities/completed/056c9e25-8490-4a98-88cc-5b526a8adc87/annotation-data.json,,
,,,,,,,,
Egocentric Workplaces,,,,S3 Folder (contains only mp4),,,,
Long Form,Coffeeshop,Barista - Preparing Drinks,na,https://us-east-1.console.aws.amazon.com/s3/object/moonvalley-annotation-platform?region=us-east-1&prefix=Samples+Egocentric+Videos/Workplaces+/Barista.mov,s3://moonvalley-annotation-platform/Samples Egocentric Videos/Workplaces /Barista.mov,,,
Long Form,Skilled Trade,Carpenter - Cutting & Handling Wood,na,https://us-east-1.console.aws.amazon.com/s3/object/moonvalley-annotation-platform?region=us-east-1&prefix=Samples+Egocentric+Videos/Workplaces+/Carpentry.mp4,s3://moonvalley-annotation-platform/Samples Egocentric Videos/Workplaces /Carpentry.mp4,,,
Long Form,Clothing Fabric,Screen Printing,na,https://us-east-1.console.aws.amazon.com/s3/object/moonvalley-annotation-platform?region=us-east-1&prefix=Samples+Egocentric+Videos/Workplaces+/Screen+Printing.mov,s3://moonvalley-annotation-platform/Samples Egocentric Videos/Workplaces /Screen Printing.mov,,,
Long Form,Clothing Warehouse,"Folding, Measuring and Labeling Clothes",na,https://us-east-1.console.aws.amazon.com/s3/object/moonvalley-annotation-platform?region=us-east-1&prefix=Samples+Egocentric+Videos/Workplaces+/Copy+of+workplaces+-+clothing+business+%28cutting%29.mov,s3://moonvalley-annotation-platform/Samples Egocentric Videos/Workplaces /Copy of workplaces - clothing business (cutting).mov,,,
Long Form,Tailor,Sewing Fabric,na,https://us-east-1.console.aws.amazon.com/s3/object/moonvalley-annotation-platform?region=us-east-1&prefix=Samples+Egocentric+Videos/Workplaces+/Tailor.mp4,s3://moonvalley-annotation-platform/Samples Egocentric Videos/Workplaces /Tailor.mp4,,,
Long Form,Textile Fabric,Ironing Clothes,na,https://us-east-1.console.aws.amazon.com/s3/object/moonvalley-annotation-platform?region=us-east-1&prefix=Samples+Egocentric+Videos/Workplaces+/ironing+clothes.MP4,s3://moonvalley-annotation-platform/Samples Egocentric Videos/Workplaces /ironing clothes.MP4,,,
Long Form,Tech Repair Shop,Phone Repair,na,https://us-east-1.console.aws.amazon.com/s3/object/moonvalley-annotation-platform?region=us-east-1&prefix=Samples+Egocentric+Videos/Workplaces+/phone+repair+%281%29.MP4,s3://moonvalley-annotation-platform/Samples Egocentric Videos/Workplaces /phone repair (1).MP4,,,
Long Form,Furniture Warehouse,Home Decor Assembly ,na,https://us-east-1.console.aws.amazon.com/s3/object/moonvalley-annotation-platform?region=us-east-1&prefix=Samples+Egocentric+Videos/Workplaces+/Furniture+Assembly.mp4,s3://moonvalley-annotation-platform/Samples Egocentric Videos/Workplaces /Furniture Assembly.mp4,,,
Long Form,Textile Fabric,Cutting Clothes,na,https://us-east-1.console.aws.amazon.com/s3/object/moonvalley-annotation-platform?region=us-east-1&prefix=Samples+Egocentric+Videos/Workplaces+/Copy+of+workplaces+-+clothing+business+%28folding%29.mp4,s3://moonvalley-annotation-platform/Samples Egocentric Videos/Workplaces /Copy of workplaces - clothing business (folding).mp4,,,
Long Form,Specialty Card Manufacturing,"Cutting, Stacking and Assembling Cards",na,https://us-east-1.console.aws.amazon.com/s3/object/moonvalley-annotation-platform?region=us-east-1&prefix=Samples+Egocentric+Videos/Workplaces+/Paper+Cutting,s3://moonvalley-annotation-platform/Samples Egocentric Videos/Workplaces /Paper Cutting,,,
Long Form,Textile Fabric,Steaming Clothes,na,https://us-east-1.console.aws.amazon.com/s3/object/moonvalley-annotation-platform?region=us-east-1&prefix=Samples+Egocentric+Videos/Workplaces+/Clothing+Shop+-+Steaming.MOV,s3://moonvalley-annotation-platform/Samples Egocentric Videos/Workplaces /Clothing Shop - Steaming.MOV,,,
,,,,,,,,
Video Game,,,,,,,,
,Genre,Game Name,Annotation ID,S3 Folder (contains mp4 & keylog file & annotation),S3 URI - Video,S3 URI - JSON,S3 URI - Game/PC Specs,Extra Metadata & Detailed Labeling
,Adventure,GTA 5,5b4decad-b774-4e6d-987f-3b0ece399d36,https://us-east-1.console.aws.amazon.com/s3/object/moonvalley-annotation-platform?region=us-east-1&prefix=video-game-capture/completed/5b4decad-b774-4e6d-987f-3b0ece399d36/4e5f9206-37f1-4d65-a1bb-c79e96a0fe4e.mp4,s3://moonvalley-annotation-platform/video-game-capture/completed/5b4decad-b774-4e6d-987f-3b0ece399d36/4e5f9206-37f1-4d65-a1bb-c79e96a0fe4e.mp4,s3://moonvalley-annotation-platform/video-game-capture/completed/5b4decad-b774-4e6d-987f-3b0ece399d36/annotation-data.json,,
,Adventure,Red Dead Redemption 2 ,ef4b3845-02c2-4b17-bc7b-19492dd6feca,https://us-east-1.console.aws.amazon.com/s3/buckets/moonvalley-annotation-platform?region=us-east-1&prefix=video-game-capture%2Fcompleted%2Fef4b3845-02c2-4b17-bc7b-19492dd6feca%2F&showversions=false&tab=objects,s3://moonvalley-annotation-platform/video-game-capture/completed/ef4b3845-02c2-4b17-bc7b-19492dd6feca/592be61e-439c-4339-aef2-a28345617494.mp4,s3://moonvalley-annotation-platform/video-game-capture/completed/ef4b3845-02c2-4b17-bc7b-19492dd6feca/annotation-data.json,,
,Shooter,PUBG,afd2c2ce-58a9-473e-adb7-dfa86f80424a,https://us-east-1.console.aws.amazon.com/s3/buckets/moonvalley-annotation-platform?region=us-east-1&prefix=video-game-capture%2Fcompleted%2Fafd2c2ce-58a9-473e-adb7-dfa86f80424a%2F&showversions=false&tab=objects,s3://moonvalley-annotation-platform/video-game-capture/completed/afd2c2ce-58a9-473e-adb7-dfa86f80424a/69fee333-c58b-41a2-b3bb-e03d954f1c49.mp4,s3://moonvalley-annotation-platform/video-game-capture/completed/afd2c2ce-58a9-473e-adb7-dfa86f80424a/annotation-data.json,,
,RPG,Genshin Impact,57d03f2b-5025-4697-bc70-a766827a31b7,https://us-east-1.console.aws.amazon.com/s3/buckets/moonvalley-annotation-platform?region=us-east-1&prefix=video-game-capture%2Fcompleted%2F57d03f2b-5025-4697-bc70-a766827a31b7%2F&showversions=false&tab=objects,s3://moonvalley-annotation-platform/video-game-capture/completed/57d03f2b-5025-4697-bc70-a766827a31b7/bad27cd3-d09e-4b6c-9d49-c15c79bb2652.mp4,s3://moonvalley-annotation-platform/video-game-capture/completed/57d03f2b-5025-4697-bc70-a766827a31b7/annotation-data.json,,
,Shooter,Fornite,47f11f04-6089-4169-b75a-2bb4bf979c84,https://us-east-1.console.aws.amazon.com/s3/buckets/moonvalley-annotation-platform?region=us-east-1&prefix=video-game-capture%2Fcompleted%2F47f11f04-6089-4169-b75a-2bb4bf979c84%2F&showversions=false&tab=objects,s3://moonvalley-annotation-platform/video-game-capture/completed/47f11f04-6089-4169-b75a-2bb4bf979c84/1eb8333f-bc16-4f00-a7ae-bacc7347c4fe.mp4,s3://moonvalley-annotation-platform/video-game-capture/completed/47f11f04-6089-4169-b75a-2bb4bf979c84/annotation-data.json,,
,Racing / Simulation,Euro Truck Simulator 2,218d03c4-e0e3-446f-af17-6241741d84a6,https://us-east-1.console.aws.amazon.com/s3/buckets/moonvalley-annotation-platform?region=us-east-1&prefix=video-game-capture%2Fcompleted%2F218d03c4-e0e3-446f-af17-6241741d84a6%2F&showversions=false&tab=objects,s3://moonvalley-annotation-platform/video-game-capture/completed/218d03c4-e0e3-446f-af17-6241741d84a6/0e156f65-bc0c-4f40-90e3-a1568dc17691.mp4,s3://moonvalley-annotation-platform/video-game-capture/completed/218d03c4-e0e3-446f-af17-6241741d84a6/annotation-data.json,,
,Racing / Simulation,Euro Truck Simulator 2,78379eb7-b683-4a6c-a039-8cde3caf13a7,https://us-east-1.console.aws.amazon.com/s3/buckets/moonvalley-annotation-platform?region=us-east-1&prefix=video-game-capture%2Fcompleted%2F78379eb7-b683-4a6c-a039-8cde3caf13a7%2F&showversions=false&tab=objects,s3://moonvalley-annotation-platform/video-game-capture/completed/78379eb7-b683-4a6c-a039-8cde3caf13a7/d493145f-8598-4530-a430-fed87211478f.mp4,s3://moonvalley-annotation-platform/video-game-capture/completed/78379eb7-b683-4a6c-a039-8cde3caf13a7/annotation-data.json,,
,RPG,Elden Ring,85c66115-cc91-4a55-9b90-184aa74bd188,https://us-east-1.console.aws.amazon.com/s3/buckets/moonvalley-annotation-platform?region=us-east-1&prefix=video-game-capture%2Fcompleted%2F85c66115-cc91-4a55-9b90-184aa74bd188%2F&showversions=false&tab=objects,s3://moonvalley-annotation-platform/video-game-capture/completed/85c66115-cc91-4a55-9b90-184aa74bd188/908cef1e-1113-4b67-924f-1db88b66010d.mp4,s3://moonvalley-annotation-platform/video-game-capture/completed/85c66115-cc91-4a55-9b90-184aa74bd188/annotation-data.json,,
,Shooter,Counter Strike 2,0ffda8ae-0a29-4462-952d-03678e0b37ef,https://us-east-1.console.aws.amazon.com/s3/buckets/moonvalley-annotation-platform?region=us-east-1&prefix=video-game-capture%2Fcompleted%2F0ffda8ae-0a29-4462-952d-03678e0b37ef%2F&showversions=false&tab=objects,s3://moonvalley-annotation-platform/video-game-capture/completed/0ffda8ae-0a29-4462-952d-03678e0b37ef/cbc093ea-aec6-42cf-aead-e4c4e14aa009.mp4,s3://moonvalley-annotation-platform/video-game-capture/completed/0ffda8ae-0a29-4462-952d-03678e0b37ef/annotation-data.json,,
,Shooter,Call of Duty,c1beb8f8-0a26-4447-a32c-2f4cb242e0a9,https://us-east-1.console.aws.amazon.com/s3/buckets/moonvalley-annotation-platform?region=us-east-1&prefix=video-game-capture%2Fcompleted%2Fc1beb8f8-0a26-4447-a32c-2f4cb242e0a9%2F&showversions=false&tab=objects,s3://moonvalley-annotation-platform/video-game-capture/completed/c1beb8f8-0a26-4447-a32c-2f4cb242e0a9/2b38520c-0d4a-47e9-81f3-d063baa80284.mp4,s3://moonvalley-annotation-platform/video-game-capture/completed/c1beb8f8-0a26-4447-a32c-2f4cb242e0a9/annotation-data.json,,
,Shooter,Call of Duty,df2227f4-5ba4-42fe-96e9-e12a6c07a44a,https://us-east-1.console.aws.amazon.com/s3/object/moonvalley-annotation-platform?region=us-east-1&prefix=video-game-capture/completed/df2227f4-5ba4-42fe-96e9-e12a6c07a44a/57401d6a-633d-4cb4-ad3c-2dbb6e2c38b5.mp4,s3://moonvalley-annotation-platform/video-game-capture/completed/df2227f4-5ba4-42fe-96e9-e12a6c07a44a/57401d6a-633d-4cb4-ad3c-2dbb6e2c38b5.mp4,s3://moonvalley-annotation-platform/video-game-capture/completed/df2227f4-5ba4-42fe-96e9-e12a6c07a44a/annotation-data.json,,
,Adventure / Sandbox,Minecraft,3ac0a038-6a4d-4074-acf1-88f3d985770c,https://us-east-1.console.aws.amazon.com/s3/buckets/moonvalley-annotation-platform?region=us-east-1&prefix=video-game-capture%2Fcompleted%2F3ac0a038-6a4d-4074-acf1-88f3d985770c%2F&showversions=false&tab=objects,s3://moonvalley-annotation-platform/video-game-capture/completed/3ac0a038-6a4d-4074-acf1-88f3d985770c/5426d51e-665c-4f6b-997b-30de3abeb9b6.mp4,s3://moonvalley-annotation-platform/video-game-capture/completed/3ac0a038-6a4d-4074-acf1-88f3d985770c/annotation-data.json,,
,Shooter,Arc Raiders,006c49a7-a690-4811-aa15-d47b797c63a1,https://us-east-1.console.aws.amazon.com/s3/buckets/moonvalley-annotation-platform?region=us-east-1&prefix=claru-capture-test-group%2Fcompleted%2F006c49a7-a690-4811-aa15-d47b797c63a1%2F&showversions=false&tab=objects,s3://moonvalley-annotation-platform/claru-capture-test-group/completed/006c49a7-a690-4811-aa15-d47b797c63a1/228f7b6a-a3b4-4664-82e9-8768d7f47471.mp4,s3://moonvalley-annotation-platform/claru-capture-test-group/completed/006c49a7-a690-4811-aa15-d47b797c63a1/annotation-data.json,s3://moonvalley-annotation-platform/claru-capture-test-group/completed/006c49a7-a690-4811-aa15-d47b797c63a1/8f2df020-01e6-4d45-9402-290fc7f68c80.json,
,Shooter,Marvel Rivals,4c1efe98-b7f0-4431-b378-040cdc9f7d58,https://us-east-1.console.aws.amazon.com/s3/buckets/moonvalley-annotation-platform?region=us-east-1&prefix=claru-capture-test-group%2Fcompleted%2F4c1efe98-b7f0-4431-b378-040cdc9f7d58%2F&showversions=false&tab=objects,s3://moonvalley-annotation-platform/claru-capture-test-group/completed/4c1efe98-b7f0-4431-b378-040cdc9f7d58/1c528fdf-4416-4bb7-a44d-6fe5f7367565.mp4,s3://moonvalley-annotation-platform/claru-capture-test-group/completed/4c1efe98-b7f0-4431-b378-040cdc9f7d58/annotation-data.json,s3://moonvalley-annotation-platform/claru-capture-test-group/completed/4c1efe98-b7f0-4431-b378-040cdc9f7d58/59cfaba8-849a-478d-866e-60f6bcd1c5a1.json,
,Shooter,Valorant,0aea7fc5-04e6-4bd6-bcc6-cf67fce80c09,https://us-east-1.console.aws.amazon.com/s3/buckets/moonvalley-annotation-platform?region=us-east-1&prefix=claru-capture-test-group%2Fcompleted%2F0aea7fc5-04e6-4bd6-bcc6-cf67fce80c09%2F&showversions=false&tab=objects,s3://moonvalley-annotation-platform/claru-capture-test-group/completed/0aea7fc5-04e6-4bd6-bcc6-cf67fce80c09/8ff3141f-5bf3-4893-a33e-5dc3e329ec41.mp4,s3://moonvalley-annotation-platform/claru-capture-test-group/completed/0aea7fc5-04e6-4bd6-bcc6-cf67fce80c09/annotation-data.json,s3://moonvalley-annotation-platform/claru-capture-test-group/completed/0aea7fc5-04e6-4bd6-bcc6-cf67fce80c09/d145cafd-3cb8-4012-9043-184a30facdc8.json,
,Shooter,Arc Raiders,261317ca-cd5f-4571-ae41-962d2ffdac8a,https://us-east-1.console.aws.amazon.com/s3/buckets/moonvalley-annotation-platform?region=us-east-1&prefix=claru-capture-test-group%2Fcompleted%2F261317ca-cd5f-4571-ae41-962d2ffdac8a%2F&showversions=false&tab=objects,s3://moonvalley-annotation-platform/claru-capture-test-group/completed/261317ca-cd5f-4571-ae41-962d2ffdac8a/ae597b0b-44b7-4920-b290-30e181fb6eb0.mp4,s3://moonvalley-annotation-platform/claru-capture-test-group/completed/261317ca-cd5f-4571-ae41-962d2ffdac8a/annotation-data.json,s3://moonvalley-annotation-platform/claru-capture-test-group/completed/261317ca-cd5f-4571-ae41-962d2ffdac8a/1ecb1c53-5da1-4bcf-83f4-ae7ccffaf3b7.json,
,Adventure,GTA 5,cf9ccf61-ea8a-4e08-824d-a49de2ce65f8,https://us-east-1.console.aws.amazon.com/s3/buckets/moonvalley-annotation-platform?region=us-east-1&prefix=claru-capture-test-group%2Fcompleted%2Fcf9ccf61-ea8a-4e08-824d-a49de2ce65f8%2F&showversions=false&tab=objects,s3://moonvalley-annotation-platform/claru-capture-test-group/completed/cf9ccf61-ea8a-4e08-824d-a49de2ce65f8/f8ac95a0-7d81-4bad-b6ea-4f8c04c86a8d.mp4,s3://moonvalley-annotation-platform/claru-capture-test-group/completed/cf9ccf61-ea8a-4e08-824d-a49de2ce65f8/annotation-data.json,s3://moonvalley-annotation-platform/claru-capture-test-group/completed/cf9ccf61-ea8a-4e08-824d-a49de2ce65f8/6ffc13d7-ec1f-4372-8df6-84f259ca3485.json,
,Racing,Asphalt 9: Legends,a2b3ce2d-deb1-4ff6-9858-5b1f91ff3ab9,https://us-east-1.console.aws.amazon.com/s3/buckets/moonvalley-annotation-platform?region=us-east-1&prefix=video-game-capture%2Fcompleted%2Fa2b3ce2d-deb1-4ff6-9858-5b1f91ff3ab9%2F&showversions=false&tab=objects,s3://moonvalley-annotation-platform/video-game-capture/completed/a2b3ce2d-deb1-4ff6-9858-5b1f91ff3ab9/30cf4b7b-8f65-479b-a5a8-b4c3a0e2601d.mp4,s3://moonvalley-annotation-platform/video-game-capture/completed/a2b3ce2d-deb1-4ff6-9858-5b1f91ff3ab9/annotation-data.json,,
,Racing,Asphalt 9: Legends,d209688b-6576-43a6-a34e-f4727fb420cc,https://us-east-1.console.aws.amazon.com/s3/buckets/moonvalley-annotation-platform?region=us-east-1&prefix=video-game-capture%2Fcompleted%2Fd209688b-6576-43a6-a34e-f4727fb420cc%2F&showversions=false&tab=objects,s3://moonvalley-annotation-platform/video-game-capture/completed/d209688b-6576-43a6-a34e-f4727fb420cc/58430b52-733b-4261-8b20-62e050f6e905.mp4,s3://moonvalley-annotation-platform/video-game-capture/completed/d209688b-6576-43a6-a34e-f4727fb420cc/annotation-data.json,,
,Shooter,Apex Legends,1695e952-5449-4208-9a68-1e9476be36ba,https://us-east-1.console.aws.amazon.com/s3/buckets/moonvalley-annotation-platform?region=us-east-1&prefix=video-game-capture%2Fcompleted%2F1695e952-5449-4208-9a68-1e9476be36ba%2F&showversions=false&tab=objects,s3://moonvalley-annotation-platform/video-game-capture/completed/1695e952-5449-4208-9a68-1e9476be36ba/5615945b-9c33-4e25-a4cc-2e50ab9f2137.mp4,s3://moonvalley-annotation-platform/video-game-capture/completed/1695e952-5449-4208-9a68-1e9476be36ba/annotation-data.json,,
,,,,,,,,
Cinematic Licensed Data,,,,,,,,
,Category,Subcategory,,S3 Folder (contains only mp4),,,,
,Travel & Exploration,Safari & Wildlife Tours,na,https://us-east-1.console.aws.amazon.com/s3/object/moonvalley-annotation-platform?region=us-east-1&prefix=Samples+Egocentric+Videos/Cinematic+Data/Safari+Sample.MP4,s3://moonvalley-annotation-platform/Samples Egocentric Videos/Cinematic Data/Safari Sample.MP4,,,
,Action Sports,Skiing,na,https://us-east-1.console.aws.amazon.com/s3/object/moonvalley-annotation-platform?region=us-east-1&prefix=Samples+Egocentric+Videos/Cinematic+Data/Skiing+2.MP4,s3://moonvalley-annotation-platform/Samples Egocentric Videos/Cinematic Data/Skiing 2.MP4,,,
,Action Sports,Skiing,na,https://us-east-1.console.aws.amazon.com/s3/object/moonvalley-annotation-platform?region=us-east-1&prefix=Samples+Egocentric+Videos/Cinematic+Data/Skiing+Sample.MP4,s3://moonvalley-annotation-platform/Samples Egocentric Videos/Cinematic Data/Skiing Sample.MP4,,,
,Action Sports,Snowboarding,na,https://us-east-1.console.aws.amazon.com/s3/object/moonvalley-annotation-platform?region=us-east-1&prefix=Samples+Egocentric+Videos/Cinematic+Data/Snowboarding+Sample.MP4,s3://moonvalley-annotation-platform/Samples Egocentric Videos/Cinematic Data/Snowboarding Sample.MP4,,,
,Action Sports,Mountain Biking (Drone Shot) ,na,https://us-east-1.console.aws.amazon.com/s3/object/moonvalley-annotation-platform?region=us-east-1&prefix=Samples+Egocentric+Videos/Cinematic+Data/Mountain+Biking.MP4,s3://moonvalley-annotation-platform/Samples Egocentric Videos/Cinematic Data/Mountain Biking.MP4,,,